Title,Description,Status,Categories
voluptas,"Consectetur mollitia similique dolorem ut sint quaerat nostrum.",success,Decorations
et,"Facilis molestiae dolor sint quasi.",success,
quia,"Est quos et eligendi voluptatum.",success,
impedit,"Enim et odio sit.",assumenda,
id,"Repudiandae placeat voluptates incidunt quos beatae rem et.",voluptas,
sint,"Qui beatae nisi quia vel.",et,
quia,"Minima ipsam esse fugiat et.",odit,
autem,"Nam atque quibusdam aut unde.",sed,
Kon,"Calling fox ghost",success,
Kon,"Calling fox ghost",failed,
Shiba,"Shiba are cute.",success,
Inumaki,"He speaks cursed words.",Danger,
"Kimi no nawa","a good anime",good,
"Kimi no nawa","a good anime",good,
GOKU,Jaden,uploaded,
tempora,"Velit dolores nostrum id repellat ut.",ipsa,
molestiae,"Ut omnis culpa deserunt qui corrupti assumenda cupiditate.",fuga,
laboriosam,"Alias unde rerum in ducimus mollitia.",quia,
et,"Fugit itaque ut cupiditate tenetur vitae.",aut,
veniam,"Eum ex aperiam quis.",ut,
quod,"Esse officia ab qui incidunt eos et eum.",consequatur,
iste,"Dolorum aperiam vitae aut quo reiciendis cum.",nihil,
unde,"Deleniti neque modi voluptatem blanditiis non.",amet,
labore,"Ut aperiam rerum cupiditate nemo nobis.",eaque,
quia,"Consequatur mollitia libero quas corporis sit.",vitae,
hhs,"Hein Htet Soe",man,
hhs,"Hein Htet Soe",man,
hhs,"Hein Htet Soe",man,"quos | omnis"
Hinata,Spiker,excellent,ipsam
jjj,kkk,lll,"quos | omnis"
dbgdddd,ddddddddd,dd,"Decorations | quos | omnis"
hello1,paragraph1,success,"Decorations | omnis"
hello2,paragraph2,success,
hello3,paragraph3,success,
hello4,paragraph4,success,
hello5,paragraph5,success,
hello6,paragraph6,success,
hello7,paragraph7,success,
hello8,paragraph8,success,
hello9,paragraph9,success,
hello10,paragraph10,success,
hello1,paragraph1,success,
hello2,paragraph2,success,
hello3,paragraph3,success,
hello4,paragraph4,success,
hello5,paragraph5,success,
hello6,paragraph6,success,
hello7,paragraph7,success,
hello8,paragraph8,success,
hello9,paragraph9,success,
hello10,paragraph10,success,
hello1,paragraph1,success,
"Test Title","Test Description",success,
hello1,paragraph1,success,
hello1,paragraph1,success,"Car | Phone"
hello2,paragraph2,success,"Car | Phone"
hello3,paragraph3,success,"Car | Phone"
hello4,paragraph4,success,"Car | Phone"
hello5,paragraph5,success,"Car | Phone"
hello6,paragraph6,success,"Car | Phone"
hello7,paragraph7,success,"Car | Phone"
hello8,paragraph8,success,"Car | Phone"
hello9,paragraph9,success,"Car | Phone"
hello10,paragraph10,success,"Car | Phone"
တိုင်တည်,ဒစ်စခရစ်ရှန်,စတေးတပ်,"Decorations | quos"
kijie,dodin,deaf,
kijie,dodin,deaf,"quos | omnis | ex"
"post 1 title"," post 1 desc"," post 1 status",
"post 1 title"," post 1 desc"," post 1 status","quos | Car"
"post 1 title"," post 1 desc"," post 1 status","quos | Car | Phone"
